{"cameraMode":{"drawMode":0,"name":"Shaded","section":"Shading Mode"},"sceneLighting":false,"audioPlay":false,"sceneViewState":{"m_AlwaysRefresh":false,"showFog":true,"showSkybox":false,"showFlares":true,"showImageEffects":true,"showParticleSystems":true,"showVisualEffectGraphs":true,"m_FxEnabled":true},"in2DMode":false,"pivot":{"x":-0.00022917240858078003,"y":0.01721816509962082,"z":0.0000303671695291996},"rotation":{"x":0.030277442187070848,"y":-0.7428711652755737,"z":0.03368702530860901,"w":0.6679221987724304},"size":0.019333859905600549,"orthographic":false}