{"cameraMode":{"drawMode":0,"name":"Shaded","section":"Shading Mode"},"sceneLighting":false,"audioPlay":false,"sceneViewState":{"m_AlwaysRefresh":false,"showFog":true,"showSkybox":false,"showFlares":true,"showImageEffects":true,"showParticleSystems":true,"showVisualEffectGraphs":true,"m_FxEnabled":true},"in2DMode":false,"pivot":{"x":0.011810213327407837,"y":0.9099999666213989,"z":-6.170000076293945},"rotation":{"x":0.10128150135278702,"y":0.5483714938163757,"z":-0.0671311765909195,"w":0.8273736834526062},"size":1.0804405212402344,"orthographic":false}