{"cameraMode":{"drawMode":0,"name":"Shaded","section":"Shading Mode"},"sceneLighting":false,"audioPlay":false,"sceneViewState":{"m_AlwaysRefresh":false,"showFog":true,"showSkybox":false,"showFlares":true,"showImageEffects":true,"showParticleSystems":true,"showVisualEffectGraphs":true,"m_FxEnabled":true},"in2DMode":false,"pivot":{"x":0.0881735235452652,"y":1.0208265781402588,"z":0.6611209511756897},"rotation":{"x":0.01854480616748333,"y":-0.5816842913627625,"z":0.013276249170303345,"w":0.8131120800971985},"size":1.217641830444336,"orthographic":true}