{"cameraMode":{"drawMode":0,"name":"Shaded","section":"Shading Mode"},"sceneLighting":false,"audioPlay":false,"sceneViewState":{"m_AlwaysRefresh":false,"showFog":true,"showSkybox":false,"showFlares":true,"showImageEffects":true,"showParticleSystems":true,"showVisualEffectGraphs":true,"m_FxEnabled":true},"in2DMode":false,"pivot":{"x":7.547494888305664,"y":0.8333221673965454,"z":0.7224203944206238},"rotation":{"x":0.25309866666793826,"y":0.3013962507247925,"z":-0.08330453187227249,"w":0.9155299067497253},"size":1.4197372198104859,"orthographic":false}