{"cameraMode":{"drawMode":0,"name":"Shaded","section":"Shading Mode"},"sceneLighting":true,"audioPlay":false,"sceneViewState":{"m_AlwaysRefresh":false,"showFog":true,"showSkybox":true,"showFlares":true,"showImageEffects":true,"showParticleSystems":true,"showVisualEffectGraphs":true,"m_FxEnabled":true},"in2DMode":false,"pivot":{"x":0.08749546110630036,"y":1.6147116422653199,"z":-6.444881439208984},"rotation":{"x":0.037184830754995349,"y":0.6371961236000061,"z":-0.03081059828400612,"w":0.7692019939422607},"size":0.8660253882408142,"orthographic":false}